{"cameraMode":{"drawMode":0,"name":"Shaded","section":"Shading Mode"},"sceneLighting":false,"audioPlay":false,"sceneViewState":{"showFog":true,"showMaterialUpdate":false,"showSkybox":false,"showFlares":true,"showImageEffects":true,"showParticleSystems":true},"in2DMode":false,"pivot":{"x":-0.45836377143859866,"y":2.245368242263794,"z":0.2647552490234375},"rotation":{"x":0.19761525094509126,"y":0.09533468633890152,"z":-0.019313994795084,"w":0.9754416942596436},"size":11.779165267944336,"orthographic":false}