{"cameraMode":{"drawMode":0,"name":"Shaded","section":"Shading Mode"},"sceneLighting":false,"audioPlay":false,"sceneViewState":{"showFog":true,"showMaterialUpdate":false,"showSkybox":false,"showFlares":true,"showImageEffects":true,"showParticleSystems":true},"in2DMode":false,"pivot":{"x":1.1920928955078126e-7,"y":1.544077754020691,"z":0.15374135971069337},"rotation":{"x":-0.040135085582733157,"y":0.9589909315109253,"z":-0.17636556923389436,"w":-0.21822208166122437},"size":6.277011871337891,"orthographic":false}