{"cameraMode":{"drawMode":0,"name":"Shaded","section":"Shading Mode"},"sceneLighting":false,"audioPlay":false,"sceneViewState":{"showFog":true,"showMaterialUpdate":false,"showSkybox":false,"showFlares":true,"showImageEffects":true,"showParticleSystems":true},"in2DMode":false,"pivot":{"x":-0.13667361438274384,"y":0.8935412168502808,"z":-3.596072196960449},"rotation":{"x":0.00022986602562014014,"y":-0.9994195103645325,"z":0.033373162150382999,"w":0.006836977321654558},"size":7.54510498046875,"orthographic":false}