{"cameraMode":{"drawMode":0,"name":"Shaded","section":"Shading Mode"},"sceneLighting":true,"audioPlay":false,"sceneViewState":{"showFog":true,"showMaterialUpdate":false,"showSkybox":true,"showFlares":true,"showImageEffects":true,"showParticleSystems":true},"in2DMode":false,"pivot":{"x":-2.2940685749053957,"y":1.010915756225586,"z":4.429364204406738},"rotation":{"x":0.06242983415722847,"y":0.43385210633277895,"z":-0.03015141375362873,"w":0.8983128070831299},"size":3.0811214447021486,"orthographic":false}